category,repository_count,total_stars,average_stars,total_forks,average_forks,total_watchers,average_watchers,total_open_issues,average_open_issues,average_repo_size,unique_languages,unique_licenses
Other,4746,17189877,3621.971555,2233423,470.5906026,17189877,3621.971555,290884,61.29034977,94464.18226,1,24
AI & Machine Learning,2800,12604828,4501.724286,1717456,613.3771429,12604828,4501.724286,227673,81.31178571,75636.38714,1,20
Python & Developer Tools,2351,5937108,2525.354317,781852,332.5614632,5937108,2525.354317,80857,34.39259889,50705.08932,1,20
Web Development,1763,2657273,1507.245037,328135,186.1230856,2657273,1507.245037,29399,16.67555303,28852.85252,1,19
Data Science & Analytics,1590,1126187,708.2937107,152543,95.93899371,1126187,708.2937107,35504,22.32955975,68259.18239,1,20
DevOps & Cloud,370,923822,2496.816216,142047,383.9108108,923822,2496.816216,18900,51.08108108,52440.08919,1,14
Software Development,360,1572004,4366.677778,179766,499.35,1572004,4366.677778,19170,53.25,81510.09722,1,18
Automation & Agents,347,2361561,6805.651297,309940,893.1988473,2361561,6805.651297,24365,70.21613833,46213.5879,1,11
Cybersecurity,295,794799,2694.233898,96203,326.1118644,794799,2694.233898,5292,17.93898305,44732.69492,1,15
Databases,234,557729,2383.457265,64261,274.6196581,557729,2383.457265,10377,44.34615385,77980.80769,1,13
Research & Science,170,343146,2018.505882,42546,250.2705882,343146,2018.505882,4293,25.25294118,34501.17647,1,11
Finance & Trading,139,444147,3195.302158,115450,830.5755396,444147,3195.302158,1555,11.18705036,81459.15827,1,6
Education,92,478357,5199.532609,66553,723.4021739,478357,5199.532609,971,10.55434783,70317.01087,1,6
Mobile & App Development,54,191704,3550.074074,21772,403.1851852,191704,3550.074074,6186,114.5555556,134112.6667,1,7
Robotics & IoT,52,149551,2875.980769,22324,429.3076923,149551,2875.980769,3785,72.78846154,145188.8654,1,7
Games,32,36997,1156.15625,3320,103.75,36997,1156.15625,671,20.96875,184712.875,1,10
